sector,state_support_index,allocation,network_breadth,persistence,specificity
Automobiles,-0.8465692523377057,-0.8138705800684263,-0.5590169943749472,-0.38592249249398025,-1.6274669424134693
Chemicals,1.3642414610943796,1.2422235169465465,1.4534441853748632,1.5988217546179158,1.162476387438193
Electronics,0.6316093083773345,0.9852117548196747,0.7826237921249265,-0.055131784641998034,0.813733471206735
Machinery,-0.125715476248694,-0.29984705581468335,-0.5590169943749472,0.9372403389139506,-0.5812381937190961
Shipbuilding,-1.1120262111909884,-1.5849058664490412,-1.5652475842498528,-0.7167132003459632,-0.5812381937190961
Textiles,0.08846017030567394,0.47118823056593184,0.4472135954999579,-1.378294616049929,0.813733471206735
